gene_name,p_val,avg_log2FC,pct.1,pct.2,p_val_adj
Lrrc7,0,97.47854023,0.446,0.102,0
Mdga2,0,31.08036295,0.594,0.25,0
Grm5,0,20.97180947,0.444,0.11,0
Sntg1,0,36.85113425,0.446,0.116,0
Grin2b,0,85.54673659,0.45,0.122,0
Kcnma1,0,5.111852218,0.483,0.156,0
Lrfn5,0,11.31201258,0.444,0.123,0
Frmd4a,0,-6.429708109,0.535,0.215,0
Agbl4,0,28.16295956,0.411,0.097,0
Nkain2,0,-13.61699791,0.519,0.213,0
Kalrn,0,33.07544807,0.404,0.099,0
Dlgap2,0,57.0483702,0.367,0.063,0
Epha5,0,28.22115771,0.397,0.095,0
Lrrtm4,0,64.26234889,0.444,0.149,0
Grid1,0,11.74215454,0.419,0.124,0
Dok6,0,-7.464045951,0.387,0.093,0
Dscam,0,9.321139359,0.425,0.131,0
Pcdh7,0,-54.0606635,0.446,0.153,0
Tenm4,0,1.799138332,0.379,0.092,0
Tanc2,0,10.8834437,0.491,0.204,0
Grm7,0,89.64224668,0.423,0.138,0
Asic2,0,214.302148,0.46,0.177,0
Sgcz,0,308.0773181,0.407,0.124,0
Lingo2,0,149.3808478,0.405,0.123,0
Kcnh7,0,29.70776508,0.354,0.072,0
Frmpd4,0,207.0889799,0.427,0.147,0
Chn2,0,1.569824334,0.442,0.718,0
Grip1,0,231.6149736,0.377,0.105,0
A230006K03Rik,0,20.97828974,0.33,0.059,0
Robo2,0,-12.19889798,0.357,0.086,0
Kctd16,0,91.67331115,0.352,0.083,0
1-Mar,0,46.94163485,0.392,0.124,0
Gria3,0,11.36515468,0.363,0.095,0
Atrnl1,0,28.12276978,0.36,0.093,0
Gabrg3,0,98.88700577,0.331,0.067,0
Gria1,0,6.55454166,0.377,0.113,0
Ccdc88a,0,-13.2437552,0.47,0.209,0
Gabra6,0,-2.825347724,0.237,0.498,0
Plcb1,0,75.80383436,0.547,0.29,0
Snhg11,0,8.273506013,0.534,0.277,0
Kcnq5,0,228.7295836,0.325,0.069,0
Etl4,0,93.11756468,0.349,0.093,0
Pam,0,11.7178576,0.364,0.109,0
Cttnbp2,0,14.94041131,0.398,0.144,0
Tjp1,0,1.728747863,0.487,0.234,0
Ppp2r2b,0,10.88256999,0.476,0.223,0
Cacnb2,0,74.30767558,0.357,0.105,0
Sorbs2,0,28.38853561,0.44,0.19,0
Epha6,0,48.4628002,0.318,0.068,0
Cntn5,0,108.984579,0.329,0.08,0
Prickle2,0,62.81812318,0.388,0.14,0
Prickle1,0,10.44242256,0.383,0.136,0
Prkg1,0,-130.5014816,0.36,0.114,0
Gm26871,0,124.8555406,0.337,0.093,0
Bc1,0,-1.466107169,0.475,0.234,0
Cdk14,0,28.09425479,0.366,0.126,0
Nrg1,0,-38.1428142,0.434,0.194,0
Ahi1,0,61.37670124,0.562,0.323,0
Csrnp3,0,4.558968359,0.381,0.143,0
Pcdh15,0,123.4092739,0.345,0.107,0
Slc35f1,0,21.24283651,0.318,0.081,0
Ppm1e,0,9.15620018,0.385,0.149,0
Tenm3,0,-25.18474364,0.319,0.083,0
Pak3,0,20.80016927,0.302,0.068,0
Dcc,0,13.79427233,0.359,0.126,0
Cntn3,0,10.32129213,0.317,0.087,0
Mgat4c,0,26.68219878,0.331,0.101,0
AC149090.1,0,28.19513464,0.657,0.428,0
Erc2,0,-43.86968242,0.547,0.319,0
Csmd1,0,94.62904142,0.596,0.369,0
Xkr4,0,-2.100283936,0.591,0.368,0
Csmd3,0,23.72546392,0.637,0.415,0
Dmd,0,46.4774255,0.603,0.395,0
Adgrl3,0,-10.75781119,0.714,0.518,0
Nav3,0,11.49195804,0.617,0.427,0
Gria2,0,45.50862839,0.8,0.712,0
Dlg2,0,12.32532742,0.808,0.734,0
Dgkb,3.03E-304,146.2808036,0.359,0.126,9.75E-300
Ptprn2,5.06E-304,21.92201149,0.547,0.334,1.63E-299
Mef2c,2.32E-301,26.75274187,0.331,0.118,7.46E-297
Arhgap32,7.86E-298,-1.154663461,0.337,0.112,2.53E-293
Mir100hg,2.13E-291,23.67719962,0.399,0.155,6.86E-287
Gabrb1,3.27E-290,-6.429860663,0.451,0.208,1.05E-285
Fat3,9.93E-287,17.03527624,0.348,0.122,3.20E-282
Rasal2,9.57E-283,36.63569227,0.453,0.227,3.08E-278
Thrb,1.46E-282,41.07796384,0.334,0.118,4.69E-278
Mir99ahg,1.82E-281,17.5918153,0.575,0.327,5.85E-277
Nrg3,1.27E-280,-300.7394965,0.72,0.622,4.09E-276
Abr,3.40E-280,9.076269809,0.312,0.098,1.09E-275
Lrp1b,4.57E-280,51.27809353,0.73,0.572,1.47E-275
Meg3,1.81E-279,-62.6948147,0.772,0.719,5.83E-275
Robo1,9.99E-277,55.59536171,0.459,0.24,3.21E-272
Kcnq3,1.09E-276,83.82400174,0.434,0.198,3.51E-272
Etv1,3.24E-272,-0.817736791,0.315,0.557,1.04E-267
Nlgn1,4.72E-272,62.81965385,0.791,0.675,1.52E-267
Cadps,8.13E-272,16.66249108,0.593,0.407,2.62E-267
Lhfp,5.48E-269,42.62108312,0.428,0.662,1.76E-264
Prkn,6.74E-266,3.694273117,0.59,0.369,2.17E-261
Sgcd,2.11E-265,-36.71661577,0.3,0.094,6.80E-261
Large1,3.64E-265,24.1291892,0.519,0.308,1.17E-260
Slc24a2,4.41E-259,-30.40840695,0.414,0.172,1.42E-254
Chd7,2.73E-257,2.184751731,0.346,0.581,8.79E-253
Asap1,1.49E-255,7.963130709,0.379,0.162,4.80E-251
Olfm3,5.14E-254,-8.948918241,0.525,0.747,1.66E-249
Tenm2,5.24E-254,-3.544318027,0.622,0.479,1.69E-249
Plxna4,9.01E-254,-3.544135057,0.358,0.145,2.90E-249
Myt1l,9.34E-253,29.29098943,0.548,0.355,3.01E-248
Phactr1,1.54E-252,240.7217676,0.547,0.364,4.97E-248
Hecw1,9.77E-248,2.819568783,0.382,0.171,3.14E-243
Sipa1l1,6.00E-242,12.51048566,0.408,0.207,1.93E-237
Ncam2,1.62E-240,67.13320192,0.532,0.32,5.22E-236
Cdh10,1.80E-240,25.30368345,0.361,0.152,5.79E-236
Klf12,6.01E-238,11.69631407,0.453,0.238,1.93E-233
Mast4,3.10E-236,33.68909225,0.419,0.191,9.98E-232
Celf2,1.50E-234,74.36121418,0.735,0.639,4.81E-230
Rian,1.42E-232,13.21047263,0.593,0.436,4.57E-228
Tnrc6c,6.31E-229,8.069314868,0.537,0.342,2.03E-224
Dgki,6.83E-228,32.31287741,0.521,0.322,2.20E-223
Dclk1,1.04E-224,8.018296117,0.56,0.391,3.35E-220
Aff3,4.76E-223,3.419121727,0.38,0.178,1.53E-218
Mmp16,1.08E-220,87.83944093,0.439,0.246,3.46E-216
Reln,3.11E-220,71.15604465,0.361,0.592,9.99E-216
Astn1,1.29E-219,7.918701033,0.35,0.157,4.15E-215
Edil3,4.63E-219,-13.59958319,0.36,0.149,1.49E-214
B3galt1,1.49E-217,-50.96857709,0.562,0.363,4.81E-213
Klhl29,4.68E-213,2.681098247,0.33,0.144,1.51E-208
Zfp521,1.01E-212,-15.98575585,0.349,0.56,3.24E-208
Trim9,2.52E-212,6.025069903,0.365,0.172,8.10E-208
Alcam,2.31E-209,-28.51273756,0.318,0.134,7.44E-205
Kcnq1ot1,2.08E-200,-29.51282875,0.482,0.292,6.69E-196
B830012L14Rik,2.81E-200,0.763342782,0.398,0.21,9.05E-196
Gm2694,3.06E-200,-1.419332257,0.171,0.35,9.83E-196
Tnr,1.17E-198,-3.47124697,0.385,0.199,3.78E-194
Cmip,1.68E-197,9.052293506,0.313,0.133,5.39E-193
Rbm39,8.13E-196,7.261262213,0.74,0.601,2.62E-191
Kcnb2,5.88E-195,62.81965333,0.416,0.239,1.89E-190
Nlk,1.11E-194,19.53472064,0.377,0.196,3.58E-190
Cacna1b,9.83E-194,3.496881115,0.358,0.178,3.16E-189
Pex5l,1.48E-193,7.997064268,0.321,0.136,4.76E-189
Cit,4.06E-192,55.13034228,0.34,0.163,1.31E-187
Fam155a,5.87E-192,38.29383816,0.769,0.694,1.89E-187
Nebl,4.87E-189,-0.68215615,0.378,0.184,1.57E-184
Fat2,8.29E-188,-0.860638516,0.147,0.315,2.67E-183
Dab1,2.28E-187,37.85148951,0.613,0.484,7.35E-183
R3hdm1,4.48E-185,18.1701408,0.574,0.425,1.44E-180
Ctnna2,6.92E-184,179.6585633,0.75,0.652,2.23E-179
Csmd2,1.63E-182,5.087412986,0.377,0.203,5.23E-178
Cadps2,4.71E-182,75.80293396,0.478,0.68,1.51E-177
Zeb2,2.97E-181,13.69514967,0.333,0.15,9.57E-177
Stau2,1.51E-179,6.958257771,0.413,0.235,4.86E-175
Macrod2,1.86E-178,28.64769677,0.766,0.675,6.00E-174
Hdac9,2.46E-178,-2.101619725,0.408,0.236,7.91E-174
Rsrp1,3.46E-177,0.757637683,0.418,0.239,1.11E-172
Dip2c,3.98E-177,13.691786,0.613,0.457,1.28E-172
Ptprd,1.50E-176,Inf,0.825,0.812,4.81E-172
Spock3,2.70E-176,33.95711763,0.301,0.13,8.68E-172
Gm42418,1.23E-175,-179.5531042,0.735,0.855,3.94E-171
Pbx1,1.79E-174,9.404170152,0.598,0.428,5.75E-170
Apc,2.05E-174,3.372105645,0.611,0.442,6.59E-170
Grm4,3.03E-172,-1.412444201,0.161,0.325,9.74E-168
Fbxl17,2.48E-171,5.078810831,0.616,0.455,7.98E-167
Lncpint,1.10E-170,6.55457143,0.573,0.423,3.52E-166
Arglu1,1.34E-170,3.429600102,0.449,0.268,4.30E-166
Unc13c,2.74E-170,-44.82608876,0.455,0.655,8.80E-166
Srek1,1.61E-169,2.373234256,0.484,0.302,5.18E-165
Slc8a1,8.89E-169,68.58529399,0.575,0.411,2.86E-164
Btg1,1.37E-168,-1.211044983,0.205,0.372,4.40E-164
Ank3,3.61E-167,44.07428848,0.77,0.709,1.16E-162
Ryr3,3.81E-167,-15.57980271,0.304,0.143,1.23E-162
Xist,4.00E-167,3.779752223,0.704,0.559,1.29E-162
Gtdc1,6.98E-165,20.44554612,0.338,0.173,2.25E-160
Zic1,3.44E-164,-1.301574008,0.148,0.304,1.11E-159
Ube3a,3.89E-164,8.491771808,0.643,0.523,1.25E-159
Mycbp2,4.01E-164,8.063079568,0.77,0.655,1.29E-159
Kidins220,1.70E-162,3.883492942,0.406,0.236,5.47E-158
Ube2e2,1.18E-161,16.57041707,0.602,0.436,3.79E-157
Akap6,1.87E-161,17.89497416,0.61,0.468,6.01E-157
Enah,1.74E-159,-3.525273935,0.387,0.214,5.60E-155
Cacna2d3,5.31E-159,13.76987021,0.356,0.206,1.71E-154
Ptk2,1.10E-158,-0.590128137,0.422,0.252,3.52E-154
Tmem178b,7.72E-158,25.30800308,0.588,0.439,2.48E-153
Prkca,8.13E-158,27.53667758,0.371,0.2,2.62E-153
Ctnnd2,1.06E-156,32.52171876,0.794,0.72,3.42E-152
2210408I21Rik,2.44E-156,9.581193464,0.346,0.18,7.86E-152
Cacna1d,5.11E-154,-4.982468257,0.47,0.307,1.64E-149
Mbd5,9.66E-154,4.771814937,0.672,0.534,3.11E-149
Dync1i2,4.55E-153,0.756233712,0.442,0.279,1.46E-148
Jazf1,7.39E-153,4.006100061,0.325,0.168,2.38E-148
Tnik,2.57E-152,19.45854168,0.611,0.463,8.26E-148
Dock7,1.13E-150,10.21725644,0.359,0.195,3.63E-146
Slc4a10,4.60E-150,-35.25735617,0.51,0.359,1.48E-145
Nsf,3.43E-149,14.24289015,0.439,0.281,1.10E-144
Galntl6,2.21E-147,315.2835807,0.353,0.203,7.10E-143
Unc79,1.67E-146,11.85988975,0.458,0.3,5.37E-142
Fmn2,4.25E-146,10.73530919,0.434,0.264,1.37E-141
Stmn2,9.23E-146,-2.070085838,0.315,0.476,2.97E-141
Nbea,1.44E-145,19.50079676,0.781,0.71,4.64E-141
Cplane1,4.22E-144,6.58229753,0.495,0.339,1.36E-139
Nktr,6.29E-143,-2.86658597,0.506,0.345,2.02E-138
Mrtfb,5.47E-142,13.75524967,0.355,0.205,1.76E-137
Reps2,5.71E-142,1.718440108,0.302,0.151,1.84E-137
Ubr3,1.02E-141,8.038830874,0.53,0.377,3.30E-137
Opcml,2.39E-141,263.3280797,0.699,0.659,7.68E-137
Magi2,5.25E-141,39.7365332,0.885,0.83,1.69E-136
Ssbp2,2.51E-140,-14.05807668,0.46,0.302,8.08E-136
Caln1,5.33E-140,16.09713292,0.542,0.707,1.71E-135
Pabpn1,4.20E-139,1.291686342,0.438,0.278,1.35E-134
Hs6st3,8.25E-138,16.65341597,0.434,0.301,2.65E-133
Sgip1,8.52E-138,17.78568693,0.611,0.469,2.74E-133
Kctd8,1.23E-137,-9.313780243,0.397,0.566,3.95E-133
Rmdn1,1.89E-137,1.295361008,0.403,0.248,6.09E-133
Pi4ka,5.20E-137,4.096609277,0.444,0.288,1.67E-132
Garnl3,5.84E-137,45.50789212,0.305,0.159,1.88E-132
Focad,3.45E-136,26.68027625,0.395,0.244,1.11E-131
Eml6,1.91E-135,1.09906363,0.399,0.242,6.15E-131
Strbp,6.74E-135,21.08665004,0.681,0.577,2.17E-130
Il1rapl1,1.08E-134,61.37695881,0.857,0.84,3.48E-130
4930402H24Rik,1.49E-134,2.86120448,0.46,0.294,4.79E-130
Ppp1r9a,4.03E-134,11.60194895,0.457,0.303,1.30E-129
Dock3,4.15E-134,20.00550533,0.664,0.556,1.33E-129
St18,3.00E-133,-12.19691329,0.274,0.448,9.66E-129
Zbtb20,1.46E-132,71.4758229,0.707,0.842,4.70E-128
Etnk1,3.17E-131,3.509861321,0.391,0.239,1.02E-126
Gucy1a2,8.15E-131,7.145092657,0.32,0.174,2.62E-126
Ror1,5.00E-130,-7.200970444,0.237,0.392,1.61E-125
Tcf20,1.01E-129,1.286224596,0.34,0.192,3.24E-125
Ogt,2.27E-128,3.193959967,0.571,0.425,7.32E-124
Dpp10,5.36E-128,-16.5285734,0.57,0.485,1.72E-123
Dpf3,2.47E-127,-6.433620922,0.248,0.403,7.93E-123
Ank2,2.48E-127,-95.31685226,0.895,0.854,7.97E-123
Trmt9b,1.62E-126,-1.05603112,0.167,0.305,5.21E-122
Mirg,5.56E-126,2.181756957,0.322,0.178,1.79E-121
Sema6d,3.34E-123,57.98571899,0.362,0.216,1.08E-118
Rabep1,6.80E-123,1.73061337,0.397,0.247,2.19E-118
Tenm1,1.33E-122,32.52323544,0.663,0.784,4.27E-118
Adgrb3,7.30E-122,68.52033729,0.897,0.888,2.35E-117
Atxn1,2.28E-121,15.82273388,0.605,0.486,7.33E-117
Usp29,2.49E-121,3.910641838,0.378,0.237,8.01E-117
Ralgapa2,4.72E-121,2.483339389,0.378,0.232,1.52E-116
Dennd1a,1.06E-120,20.30085892,0.595,0.459,3.42E-116
Zcchc7,1.58E-120,-3.303201629,0.583,0.443,5.09E-116
Samd12,2.88E-120,17.74174043,0.562,0.433,9.27E-116
Ptprg,2.55E-119,42.43581385,0.509,0.373,8.21E-115
Adcy1,1.58E-118,5.908058536,0.326,0.476,5.09E-114
Exoc6b,4.40E-118,31.82242171,0.518,0.372,1.42E-113
Vps13b,5.04E-118,3.385394149,0.565,0.432,1.62E-113
Cdr1os,6.22E-118,3.668983911,0.589,0.476,2.00E-113
Snhg14,7.75E-118,-7.872403133,0.734,0.672,2.49E-113
Ttc14,2.12E-116,4.943961161,0.505,0.364,6.81E-112
Atp2c1,2.94E-116,-0.732458539,0.357,0.216,9.46E-112
Dync2h1,7.35E-116,2.595577416,0.307,0.17,2.37E-111
Atp1a1,2.99E-115,2.40082562,0.22,0.361,9.63E-111
Chd9,2.19E-114,6.494701563,0.564,0.42,7.06E-110
Kcnn2,2.63E-114,11.79944476,0.339,0.194,8.47E-110
Gm47283,3.61E-114,9.145841216,0.419,0.272,1.16E-109
Usp3,4.14E-114,-1.706785639,0.339,0.486,1.33E-109
Eml5,6.51E-114,17.43481745,0.485,0.343,2.09E-109
Pld5,7.79E-114,1.282464792,0.315,0.47,2.51E-109
Ahcyl2,8.51E-114,9.428504357,0.38,0.235,2.74E-109
Phf20l1,1.07E-113,19.53200072,0.527,0.391,3.43E-109
Cpeb3,2.61E-113,-10.75276756,0.524,0.39,8.39E-109
Dennd4a,2.74E-113,-9.664599002,0.366,0.226,8.81E-109
Pja2,8.99E-112,-4.463446373,0.372,0.233,2.89E-107
Frmd5,1.34E-111,42.61443628,0.551,0.411,4.32E-107
Nyap2,6.39E-111,15.21069317,0.315,0.185,2.05E-106
Luc7l2,9.57E-111,3.665156092,0.722,0.613,3.08E-106
Lsamp,1.04E-110,12.32532742,0.924,0.933,3.34E-106
Atp8a2,1.08E-110,2.617971365,0.344,0.208,3.48E-106
Usp34,1.39E-110,7.025010027,0.643,0.529,4.47E-106
Camk4,2.70E-110,13.64520773,0.503,0.648,8.69E-106
Vps13a,2.90E-110,3.905614218,0.444,0.305,9.33E-106
Nf1,3.05E-110,2.721709891,0.527,0.385,9.81E-106
Immp2l,6.60E-110,5.639493413,0.366,0.218,2.12E-105
Abi2,8.08E-110,8.750327766,0.389,0.255,2.60E-105
Nol4,3.70E-109,6.032217295,0.422,0.284,1.19E-104
Tll1,4.32E-109,3.212260684,0.191,0.325,1.39E-104
Ntrk2,9.86E-109,15.28081422,0.557,0.441,3.17E-104
Ppp1r12a,1.98E-107,9.612263868,0.438,0.299,6.36E-103
Herc1,1.42E-106,15.18463742,0.642,0.532,4.58E-102
Tia1,6.35E-106,1.955445287,0.455,0.316,2.04E-101
1110051M20Rik,7.44E-105,1.342716495,0.341,0.206,2.39E-100
Zfr,9.05E-105,3.866208049,0.498,0.366,2.91E-100
Dscaml1,5.42E-104,9.575751759,0.336,0.207,1.74E-99
Atp9b,1.38E-102,2.267684525,0.353,0.221,4.45E-98
Ttc3,3.11E-102,2.131720769,0.683,0.603,1.00E-97
Ecpas,3.10E-101,2.299674869,0.519,0.388,9.96E-97
Rbm26,4.03E-101,3.347058377,0.448,0.311,1.30E-96
Meis1,4.46E-100,-1.230698336,0.219,0.353,1.44E-95
Wdr7,6.71E-100,2.131656457,0.381,0.25,2.16E-95
Nr6a1,8.99E-100,-3.016774327,0.316,0.187,2.89E-95
Npas3,1.98E-99,30.08082368,0.313,0.18,6.38E-95
Sclt1,9.98E-99,-4.706966564,0.389,0.255,3.21E-94
Ehbp1,1.44E-98,-27.27631531,0.5,0.367,4.62E-94
Dzip3,1.74E-98,2.123291476,0.366,0.236,5.59E-94
Ralgapa1,1.77E-98,-1.774512683,0.545,0.421,5.71E-94
Myo5a,1.94E-98,13.92020024,0.449,0.321,6.23E-94
Scn1a,3.32E-98,-0.68527736,0.461,0.332,1.07E-93
Farp1,4.10E-98,8.661740018,0.347,0.215,1.32E-93
Plcxd3,1.04E-97,-12.33586495,0.336,0.474,3.35E-93
Ulk2,1.29E-97,2.031035525,0.373,0.24,4.13E-93
Lin7a,1.63E-97,-5.758664285,0.406,0.536,5.23E-93
Atxn2,1.64E-97,-1.273091991,0.387,0.254,5.28E-93
Trip12,3.63E-97,3.398818587,0.451,0.32,1.17E-92
Cntnap2,5.58E-97,57.04905172,0.779,0.781,1.79E-92
Fry,6.69E-97,1.733487751,0.525,0.399,2.15E-92
Upp2,8.83E-97,3.173617687,0.396,0.265,2.84E-92
Fgf12,1.12E-96,159.4802216,0.804,0.765,3.62E-92
Tbc1d5,3.74E-96,3.672094974,0.419,0.276,1.20E-91
Srrm2,1.71E-95,4.036484232,0.535,0.42,5.50E-91
Ankrd17,2.49E-94,1.592490843,0.524,0.402,8.00E-90
Cadm3,3.37E-94,-1.379753641,0.21,0.333,1.08E-89
Myo9a,7.67E-94,7.331243273,0.557,0.44,2.47E-89
Trim2,9.11E-94,11.0190934,0.439,0.312,2.93E-89
Synj1,4.25E-93,2.012172091,0.322,0.198,1.37E-88
C130071C03Rik,4.67E-93,9.119925517,0.418,0.295,1.50E-88
Sbf2,4.82E-93,2.95465382,0.535,0.409,1.55E-88
Kif21a,7.96E-93,-4.310843156,0.475,0.347,2.56E-88
Astn2,1.20E-92,37.83378729,0.716,0.806,3.84E-88
Tra2a,1.44E-92,1.827460664,0.44,0.311,4.63E-88
Gabrb3,4.12E-92,15.2057907,0.612,0.529,1.32E-87
Prrc2c,4.46E-92,9.162777219,0.442,0.316,1.43E-87
Kcnd2,8.00E-92,68.59043402,0.837,0.882,2.57E-87
Scai,1.00E-91,22.10952198,0.365,0.241,3.23E-87
Sptbn1,1.91E-91,3.730110094,0.481,0.362,6.13E-87
Ptbp2,2.22E-91,2.061544471,0.453,0.323,7.13E-87
Itm2b,7.02E-91,-1.348400591,0.31,0.439,2.26E-86
4932438A13Rik,1.66E-90,4.822847207,0.477,0.351,5.32E-86
Zswim6,2.06E-90,17.47920809,0.302,0.18,6.63E-86
Ttc7b,3.95E-90,5.439935563,0.344,0.224,1.27E-85
Phf14,6.64E-90,14.9499709,0.446,0.314,2.14E-85
Dcaf6,8.75E-90,15.85691306,0.332,0.212,2.81E-85
Camk1d,1.82E-89,18.09610278,0.565,0.459,5.87E-85
Srpk2,2.88E-89,-5.316807173,0.47,0.351,9.27E-85
Rabgap1,8.01E-89,14.1005131,0.465,0.339,2.58E-84
Fam172a,1.34E-88,3.601160516,0.428,0.3,4.31E-84
Acap2,1.51E-88,16.70170592,0.364,0.24,4.84E-84
Cdk12,1.58E-88,2.526398082,0.347,0.223,5.09E-84
Dtnb,1.80E-88,9.28585079,0.402,0.279,5.79E-84
Arl15,2.20E-88,-26.55724483,0.476,0.354,7.09E-84
Nrcam,2.76E-88,23.86557277,0.556,0.443,8.89E-84
Herc2,7.46E-88,5.952874064,0.412,0.287,2.40E-83
Slc4a4,7.94E-88,-15.08576522,0.421,0.574,2.55E-83
Kifap3,8.00E-88,3.095281536,0.366,0.243,2.57E-83
Cntn6,1.21E-87,-4.983355082,0.449,0.589,3.88E-83
Dync1i1,1.30E-87,4.792332613,0.464,0.343,4.18E-83
Braf,1.82E-87,3.698799169,0.461,0.333,5.86E-83
Trpm3,3.77E-87,-71.35098495,0.646,0.789,1.21E-82
Srrm1,1.74E-86,-1.373984209,0.378,0.254,5.59E-82
Macf1,4.50E-86,9.285120644,0.772,0.678,1.45E-81
Magi1,1.25E-85,31.50897478,0.585,0.466,4.01E-81
Mbnl2,1.35E-85,9.404282607,0.518,0.398,4.34E-81
Usp32,2.09E-85,4.789532149,0.391,0.268,6.73E-81
Ttc19,2.26E-85,3.190590849,0.322,0.202,7.29E-81
Kcnc1,3.04E-85,3.212751768,0.285,0.41,9.78E-81
Rasgrf1,4.58E-85,9.986279506,0.415,0.298,1.47E-80
Nfia,1.17E-84,-11.07441075,0.48,0.629,3.77E-80
Vwa8,1.31E-84,-6.949217217,0.338,0.217,4.20E-80
Ncoa1,1.43E-84,2.024985039,0.431,0.304,4.59E-80
Pde1c,1.97E-84,119.0289903,0.246,0.374,6.33E-80
Hivep3,5.28E-84,20.13535769,0.471,0.353,1.70E-79
Psmd14,1.11E-83,2.951367302,0.303,0.186,3.58E-79
Stox2,7.61E-83,13.85365683,0.382,0.257,2.45E-78
Cadm1,1.03E-82,68.5775799,0.643,0.577,3.30E-78
Atp11b,1.54E-82,4.769515763,0.399,0.282,4.94E-78
Srsf11,1.72E-82,2.19119789,0.415,0.293,5.52E-78
Vti1a,1.82E-82,24.735561,0.442,0.317,5.85E-78
Acaca,4.01E-82,20.67061734,0.372,0.247,1.29E-77
Kmt2a,4.04E-82,11.78392645,0.459,0.34,1.30E-77
Zmynd8,5.47E-82,1.407714752,0.395,0.273,1.76E-77
Ankrd12,1.77E-81,2.504885646,0.42,0.297,5.70E-77
Ptprs,2.03E-81,-5.364466838,0.402,0.286,6.54E-77
Nalcn,5.85E-81,15.27128292,0.441,0.322,1.88E-76
Ndfip1,8.91E-81,3.513427971,0.342,0.229,2.87E-76
Car10,9.55E-81,41.08304656,0.676,0.815,3.07E-76
Mtf2,1.11E-80,2.496276514,0.302,0.188,3.57E-76
Ascc3,2.47E-80,1.135190605,0.356,0.237,7.94E-76
Megf11,3.57E-80,4.689587734,0.261,0.386,1.15E-75
Akap8l,4.87E-80,1.746698549,0.336,0.22,1.57E-75
Tnrc6a,5.02E-80,6.827758344,0.503,0.385,1.61E-75
Lrba,5.19E-80,-4.794769013,0.518,0.396,1.67E-75
Rbm25,6.29E-80,4.758564216,0.533,0.412,2.02E-75
Mapk10,2.50E-79,15.17191374,0.623,0.544,8.05E-75
Setd5,2.84E-79,3.428357775,0.501,0.379,9.14E-75
Plcl1,5.74E-79,2.226880511,0.335,0.207,1.85E-74
Patj,8.81E-79,-2.712125263,0.285,0.401,2.83E-74
Peg3,1.13E-78,-2.094437055,0.445,0.331,3.65E-74
Scmh1,1.47E-78,-2.826887574,0.381,0.26,4.74E-74
Ccser1,1.68E-78,-15.08587835,0.79,0.751,5.39E-74
Sobp,2.45E-78,13.25402704,0.393,0.281,7.88E-74
Exoc4,4.11E-78,-7.260543526,0.61,0.499,1.32E-73
Cdh2,1.21E-77,-10.5661347,0.449,0.333,3.89E-73
Ylpm1,2.22E-77,1.876089806,0.392,0.275,7.14E-73
Kat6b,4.83E-77,5.829001286,0.363,0.248,1.56E-72
Btrc,6.28E-77,3.164918331,0.34,0.224,2.02E-72
Dis3l2,7.84E-77,2.378863134,0.305,0.192,2.52E-72
Rere,1.50E-76,5.257574084,0.704,0.617,4.83E-72
A330023F24Rik,4.28E-76,1.056453929,0.446,0.334,1.38E-71
Gls,4.53E-76,22.43387968,0.555,0.463,1.46E-71
Tmem132a,1.22E-75,-1.627487945,0.21,0.321,3.92E-71
Klhdc10,1.51E-75,1.843924378,0.422,0.304,4.85E-71
Strn3,3.95E-75,1.057019564,0.538,0.428,1.27E-70
Stxbp5,4.19E-75,9.516091907,0.382,0.27,1.35E-70
Cask,4.63E-75,-14.49608082,0.397,0.28,1.49E-70
A230057D06Rik,5.65E-75,-16.62677053,0.731,0.674,1.82E-70
Tom1l2,6.87E-75,0.928482991,0.378,0.261,2.21E-70
Pde4dip,9.63E-75,3.590250688,0.45,0.342,3.10E-70
Ints6,1.00E-74,3.08758817,0.314,0.203,3.22E-70
Zmym4,1.88E-74,-4.508212219,0.456,0.338,6.06E-70
Myef2,2.79E-74,0.542207951,0.343,0.231,8.97E-70
Grin1,4.71E-74,1.074303909,0.53,0.432,1.51E-69
Chd6,8.84E-74,3.477846048,0.429,0.309,2.84E-69
Esyt2,1.59E-73,8.530494372,0.364,0.252,5.11E-69
Umad1,1.76E-73,2.296023019,0.303,0.192,5.66E-69
Foxp1,2.57E-73,-10.75772729,0.504,0.404,8.28E-69
Ralgapb,6.51E-73,1.861688564,0.302,0.193,2.10E-68
Map2,8.06E-73,15.13935025,0.601,0.511,2.59E-68
Apbb2,3.74E-72,15.32259313,0.419,0.304,1.20E-67
Ckb,5.20E-72,-4.249055705,0.211,0.317,1.67E-67
Cspp1,1.40E-71,2.011605709,0.394,0.279,4.51E-67
Celf4,1.80E-71,20.98549907,0.532,0.449,5.80E-67
Plcb4,3.26E-71,-5.723884721,0.528,0.636,1.05E-66
Ddx50,4.23E-71,3.778245614,0.322,0.214,1.36E-66
Usp9x,4.71E-71,5.810047538,0.441,0.332,1.52E-66
Clk1,6.23E-71,1.812234777,0.39,0.279,2.00E-66
Adam23,7.36E-71,5.113382279,0.394,0.287,2.37E-66
Ndst3,1.60E-70,1.871557141,0.357,0.482,5.13E-66
Ptprt,4.69E-70,22.42419754,0.428,0.319,1.51E-65
Faf1,3.24E-69,3.596147888,0.509,0.401,1.04E-64
Bclaf1,4.79E-69,-1.466309421,0.405,0.292,1.54E-64
Slc9a9,4.87E-69,4.371020861,0.301,0.197,1.57E-64
Nt5c2,1.17E-68,6.228575694,0.329,0.218,3.76E-64
Mast2,1.53E-68,2.889036922,0.333,0.224,4.91E-64
Sphkap,2.52E-68,9.929136091,0.438,0.555,8.11E-64
Mctp1,2.77E-68,13.797485,0.58,0.687,8.91E-64
Plekha5,3.75E-68,21.78623264,0.554,0.47,1.20E-63
Nav2,6.39E-68,26.75227657,0.677,0.609,2.05E-63
Cadm2,7.50E-68,179.6779487,0.932,0.938,2.41E-63
Ablim1,1.81E-67,1.140617419,0.525,0.631,5.81E-63
Arfgef1,2.41E-67,1.945926708,0.356,0.247,7.74E-63
Dmxl2,2.79E-67,5.618302531,0.387,0.281,8.97E-63
Camta1,2.82E-67,-10.4436979,0.597,0.512,9.08E-63
Tmeff2,3.96E-67,84.46007038,0.546,0.447,1.27E-62
Dnmt3a,6.08E-67,1.333287111,0.398,0.29,1.96E-62
Clstn2,8.16E-67,52.62547324,0.396,0.299,2.62E-62
Cntn1,9.06E-67,18.08368067,0.638,0.552,2.91E-62
Ktn1,1.30E-66,2.682088685,0.467,0.357,4.19E-62
Zmym2,1.58E-66,2.96176798,0.342,0.234,5.08E-62
Snap91,2.64E-66,3.555697439,0.511,0.412,8.48E-62
Syt1,7.21E-66,67.15733654,0.748,0.769,2.32E-61
Wscd2,7.56E-66,0.508149988,0.228,0.331,2.43E-61
Rsrc1,1.27E-65,5.801734871,0.302,0.196,4.08E-61
Polb,2.84E-65,0.713887854,0.421,0.311,9.13E-61
Scaper,3.32E-65,1.38565997,0.401,0.292,1.07E-60
Map2k4,4.79E-65,3.6047832,0.425,0.322,1.54E-60
Trpm7,6.34E-65,0.546360361,0.444,0.333,2.04E-60
Bcas3,1.09E-64,24.59371111,0.468,0.354,3.52E-60
Nsd2,4.02E-64,0.71475387,0.332,0.226,1.29E-59
Dmxl1,4.24E-64,59.71089833,0.527,0.426,1.36E-59
Mical3,1.06E-63,10.15180837,0.421,0.321,3.41E-59
Aopep,1.32E-63,19.00421716,0.402,0.302,4.26E-59
Grid2,4.61E-63,#NAME?,0.759,0.712,1.48E-58
Tmem135,5.59E-63,1.705564233,0.347,0.241,1.80E-58
Dennd1b,7.92E-63,4.474149545,0.308,0.206,2.55E-58
Ralgps1,9.71E-63,2.285923971,0.382,0.277,3.12E-58
Cntn4,1.02E-62,77.23824883,0.617,0.57,3.28E-58
Gnaq,2.16E-62,3.572166325,0.544,0.443,6.94E-58
Atp6v0b,4.48E-62,2.380259071,0.485,0.393,1.44E-57
St7,4.86E-62,4.790013218,0.318,0.217,1.56E-57
Gabbr2,6.22E-62,26.73995702,0.432,0.346,2.00E-57
Cop1,2.62E-61,0.599523288,0.31,0.209,8.43E-57
Scaf8,3.31E-61,1.402984633,0.423,0.317,1.06E-56
Ksr2,5.82E-61,3.033447542,0.383,0.281,1.87E-56
Zfp638,6.59E-61,5.929478259,0.481,0.374,2.12E-56
Fubp1,1.07E-60,2.995665564,0.418,0.315,3.45E-56
Ago3,2.16E-60,-2.979661637,0.42,0.314,6.96E-56
Map1b,2.25E-60,5.135369738,0.494,0.409,7.24E-56
Arid4b,3.76E-60,0.54644286,0.396,0.291,1.21E-55
Gpm6b,4.25E-60,5.995261884,0.367,0.259,1.37E-55
Epb41,5.76E-60,-6.167237608,0.427,0.534,1.85E-55
Atp6v0a1,6.83E-60,1.5537444,0.392,0.292,2.20E-55
Birc6,7.90E-60,-1.536803125,0.529,0.433,2.54E-55
Nr3c2,1.28E-59,30.8358375,0.366,0.264,4.12E-55
Dnajc6,1.57E-59,5.96732402,0.469,0.374,5.05E-55
Ncoa2,2.25E-59,-0.963343873,0.433,0.327,7.25E-55
Gmds,2.49E-59,5.514646822,0.316,0.216,8.03E-55
Slc25a12,2.94E-59,-1.16073916,0.312,0.212,9.47E-55
Tsc22d1,1.41E-58,-3.34646866,0.334,0.235,4.54E-54
Ppfia2,1.44E-58,-41.47778725,0.641,0.572,4.62E-54
Pbrm1,1.64E-58,1.218434086,0.3,0.201,5.27E-54
Fto,1.92E-58,2.335943234,0.462,0.356,6.17E-54
Pcsk1n,2.19E-58,-9.741001609,0.226,0.325,7.04E-54
Cdkl5,2.23E-58,2.672957214,0.315,0.221,7.16E-54
Asb3,2.91E-58,1.941817594,0.304,0.207,9.37E-54
Tnrc6b,3.53E-58,7.807502083,0.59,0.498,1.14E-53
5330434G04Rik,6.96E-58,3.15885402,0.395,0.303,2.24E-53
Rif1,1.09E-57,-4.458051659,0.278,0.374,3.49E-53
Zfpm2,5.15E-57,28.87992945,0.517,0.648,1.66E-52
Spag9,6.66E-57,8.121249369,0.551,0.452,2.14E-52
Atp1b1,8.91E-57,2.338324729,0.368,0.272,2.87E-52
Pnisr,1.66E-56,1.561636847,0.553,0.453,5.35E-52
Limch1,2.24E-56,23.8656263,0.464,0.365,7.21E-52
Rapgef2,5.38E-56,32.89726942,0.402,0.312,1.73E-51
Arhgef12,6.78E-56,6.706832829,0.444,0.341,2.18E-51
Sltm,7.58E-56,2.317269331,0.401,0.301,2.44E-51
Ccny,1.02E-55,2.02977859,0.318,0.221,3.29E-51
Smg6,1.37E-55,7.37450329,0.428,0.325,4.41E-51
Gsk3b,1.61E-55,3.118629345,0.433,0.333,5.17E-51
Hecw2,4.95E-55,26.15222479,0.561,0.474,1.59E-50
A330076H08Rik,6.93E-55,11.27991312,0.554,0.467,2.23E-50
Osbpl8,8.34E-55,13.88938995,0.324,0.232,2.68E-50
Kmt2e,8.90E-55,8.441862655,0.545,0.449,2.86E-50
Ppp2r3a,9.58E-55,5.249903729,0.339,0.239,3.08E-50
Atp2b1,1.09E-54,5.111927135,0.49,0.42,3.50E-50
Nbeal1,1.47E-54,10.2699201,0.401,0.302,4.74E-50
Enox1,4.20E-54,9.474019543,0.504,0.415,1.35E-49
Galnt13,4.91E-54,8.07061555,0.699,0.763,1.58E-49
Pcsk2,9.39E-54,56.8412748,0.562,0.524,3.02E-49
Slf2,1.26E-53,-2.170289607,0.308,0.214,4.06E-49
C2cd5,1.32E-53,3.618260642,0.398,0.302,4.26E-49
Pafah1b1,1.37E-53,5.934917098,0.514,0.42,4.42E-49
Runx1t1,1.71E-53,12.01567435,0.306,0.216,5.51E-49
Nckap1,2.53E-53,5.243819888,0.422,0.324,8.13E-49
Krit1,4.72E-53,1.154452293,0.386,0.289,1.52E-48
Anks1b,6.56E-53,90.2306816,0.843,0.848,2.11E-48
Psme4,8.86E-53,7.164690742,0.474,0.379,2.85E-48
Zmynd11,1.01E-52,0.707120833,0.403,0.306,3.24E-48
Gpatch8,1.50E-52,6.208306946,0.603,0.526,4.81E-48
Nfat5,1.92E-52,1.375446069,0.44,0.339,6.18E-48
Sh3gl2,1.94E-52,8.030718353,0.583,0.666,6.23E-48
Ppp1r12b,2.10E-52,1.073974611,0.39,0.295,6.76E-48
Rbfox2,2.35E-52,-3.4676951,0.499,0.411,7.56E-48
Atp1a3,3.08E-52,9.108674471,0.305,0.216,9.91E-48
Ncor1,3.48E-52,-2.885937162,0.558,0.469,1.12E-47
Akap9,3.52E-52,7.480913648,0.347,0.252,1.13E-47
Ddx17,9.61E-52,2.843782505,0.469,0.372,3.09E-47
Gtf2i,9.68E-52,-2.328959268,0.32,0.226,3.11E-47
Cox16,1.44E-51,-1.306797994,0.425,0.327,4.63E-47
Ust,1.45E-51,-2.477958482,0.272,0.369,4.66E-47
Usp24,3.69E-51,-5.262839233,0.304,0.21,1.19E-46
Adk,4.84E-51,14.65316411,0.315,0.22,1.56E-46
Ube3c,6.54E-51,11.3497281,0.36,0.266,2.10E-46
Ppm1h,1.32E-50,10.99990222,0.38,0.283,4.25E-46
Zfp385b,1.49E-50,36.85227974,0.607,0.713,4.78E-46
Rbm6,1.56E-50,-3.695171359,0.524,0.431,5.01E-46
Pcdh9,2.44E-50,78.72922948,0.924,0.945,7.85E-46
Smyd3,2.94E-50,-43.86497184,0.551,0.464,9.45E-46
Ubr5,3.00E-50,10.70277849,0.443,0.347,9.65E-46
Cpeb4,3.24E-50,24.73641435,0.383,0.294,1.04E-45
Zzef1,5.14E-50,4.673235142,0.307,0.216,1.65E-45
Gphn,5.41E-50,9.439937341,0.808,0.752,1.74E-45
Cdh18,5.63E-50,-2.101688521,0.599,0.731,1.81E-45
Rapgef6,5.86E-50,4.902143447,0.416,0.325,1.89E-45
Lrrc4c,6.25E-50,41.17922824,0.849,0.845,2.01E-45
Nfasc,7.21E-50,70.55451226,0.386,0.294,2.32E-45
Ubn2,7.48E-50,6.487539214,0.528,0.439,2.41E-45
9930021J03Rik,1.28E-49,0.679417112,0.342,0.248,4.11E-45
Zfyve9,1.39E-49,9.484583646,0.392,0.3,4.46E-45
Elmo1,1.52E-49,-5.915440489,0.348,0.256,4.88E-45
Aak1,2.92E-49,0.806878315,0.531,0.449,9.38E-45
Clasp1,3.85E-49,3.991914272,0.34,0.249,1.24E-44
Rictor,7.35E-49,2.1529253,0.323,0.232,2.37E-44
Tmcc1,8.78E-49,3.655236381,0.528,0.437,2.82E-44
Wnk2,9.36E-49,-3.803534797,0.34,0.25,3.01E-44
Huwe1,9.46E-49,6.141092295,0.537,0.443,3.04E-44
Rbm5,1.12E-48,2.094611712,0.368,0.277,3.61E-44
Grik2,1.57E-48,15.21070864,0.844,0.9,5.04E-44
Rfx7,1.68E-48,3.224472237,0.421,0.33,5.39E-44
Fam13b,1.89E-48,1.109601037,0.316,0.225,6.08E-44
Tmem163,2.36E-48,-2.745984372,0.212,0.303,7.58E-44
Rfx3,3.32E-48,20.98143216,0.419,0.329,1.07E-43
Pias1,3.83E-48,0.934326966,0.31,0.22,1.23E-43
Ddx5,4.32E-48,7.946097733,0.648,0.732,1.39E-43
Osbpl9,6.17E-48,-0.525360569,0.402,0.309,1.98E-43
Cacna1e,6.34E-48,16.76632576,0.508,0.447,2.04E-43
Adcy9,8.31E-48,3.514873068,0.33,0.244,2.67E-43
Rgs7bp,8.69E-48,-16.52754362,0.39,0.302,2.79E-43
Rev3l,1.48E-47,3.665190873,0.488,0.395,4.75E-43
Nptn,3.22E-47,-1.707600755,0.511,0.441,1.04E-42
Ash1l,4.81E-47,2.495078392,0.451,0.36,1.55E-42
Eif4g3,8.55E-47,-1.175457586,0.48,0.392,2.75E-42
7-Sep,2.40E-46,11.79692331,0.398,0.3,7.74E-42
Sptan1,3.46E-46,4.718183897,0.468,0.386,1.11E-41
Mtcl1,4.01E-46,-1.17329491,0.318,0.412,1.29E-41
Grm1,6.18E-46,61.37695881,0.502,0.607,1.99E-41
Arfgef3,6.61E-46,10.38281566,0.343,0.259,2.13E-41
Med12l,7.79E-46,11.22727645,0.41,0.321,2.51E-41
Fars2,8.93E-46,19.51636378,0.316,0.23,2.87E-41
Ewsr1,1.18E-45,2.412162814,0.365,0.277,3.81E-41
R3hdm2,1.24E-45,7.115085645,0.419,0.334,3.99E-41
Thoc2,1.38E-45,1.480527891,0.374,0.285,4.44E-41
Ptpn4,1.85E-45,31.15707119,0.415,0.322,5.95E-41
Dennd5b,1.96E-45,5.595197986,0.378,0.294,6.32E-41
Fgfr2,2.31E-45,55.54944231,0.494,0.4,7.43E-41
Ube2g1,4.31E-45,1.043789635,0.318,0.231,1.39E-40
Diaph2,5.94E-45,2.702033117,0.485,0.399,1.91E-40
Trio,6.00E-45,11.87708831,0.541,0.463,1.93E-40
Schip1,9.36E-45,-63.95431241,0.484,0.448,3.01E-40
Neo1,1.29E-44,0.833091383,0.332,0.242,4.14E-40
Clasp2,1.30E-44,-2.832320651,0.668,0.596,4.17E-40
Sfpq,1.40E-44,1.176129623,0.425,0.339,4.51E-40
Snx29,2.78E-44,4.066975133,0.303,0.219,8.94E-40
Aff4,2.87E-44,2.498694654,0.409,0.322,9.23E-40
Jakmip2,3.23E-44,-1.048998837,0.359,0.274,1.04E-39
Rsf1,4.78E-44,3.37153775,0.344,0.257,1.54E-39
Btbd9,5.04E-44,10.11135796,0.541,0.469,1.62E-39
Pkn2,7.12E-44,1.453905436,0.343,0.256,2.29E-39
Hcn1,8.43E-44,-26.62697645,0.4,0.332,2.71E-39
Lpp,1.11E-43,-1.384244844,0.35,0.438,3.56E-39
Btaf1,3.56E-43,-1.969879982,0.302,0.218,1.15E-38
Iqsec1,3.84E-43,15.95313506,0.424,0.342,1.24E-38
Trhde,4.37E-43,20.98150503,0.423,0.528,1.41E-38
5330438D12Rik,1.01E-42,0.681699352,0.354,0.27,3.25E-38
Papola,1.31E-42,1.797243228,0.374,0.289,4.21E-38
Numb,3.19E-42,2.612849036,0.348,0.268,1.03E-37
Ncald,4.11E-42,85.36176676,0.394,0.316,1.32E-37
Rap1gds1,4.13E-42,11.33960024,0.323,0.243,1.33E-37
Ankrd11,5.82E-42,4.134698924,0.45,0.366,1.87E-37
Brinp3,6.52E-42,53.70979518,0.508,0.457,2.10E-37
Cyfip2,1.21E-41,2.477063173,0.329,0.251,3.90E-37
Sbno1,1.34E-41,1.438957745,0.308,0.227,4.33E-37
Mark3,1.48E-41,4.06483048,0.39,0.305,4.77E-37
Gbf1,1.55E-41,-6.294504464,0.327,0.241,5.00E-37
Hook3,2.32E-41,0.954732926,0.329,0.244,7.48E-37
Nedd4,2.51E-41,2.273618697,0.423,0.337,8.08E-37
Zfp148,2.68E-41,6.595649666,0.378,0.292,8.63E-37
AY036118,2.80E-41,-8.82959859,0.43,0.352,9.00E-37
Mef2a,6.02E-41,8.841103373,0.399,0.313,1.94E-36
Syne1,7.46E-41,2.226465406,0.822,0.849,2.40E-36
Arih1,8.32E-41,9.737297495,0.465,0.381,2.68E-36
Pds5b,8.84E-41,-1.540557441,0.304,0.222,2.84E-36
Susd6,9.22E-41,3.006144616,0.29,0.374,2.97E-36
Oxct1,1.84E-40,6.178938087,0.361,0.279,5.92E-36
Elavl3,3.35E-40,0.620427385,0.457,0.376,1.08E-35
Unc80,3.97E-40,10.81936692,0.608,0.554,1.28E-35
Ubap2l,4.03E-40,0.698977162,0.306,0.227,1.30E-35
Clock,5.87E-40,-1.391626336,0.327,0.245,1.89E-35
Ube2b,1.49E-39,0.768841343,0.404,0.323,4.79E-35
Dop1a,1.49E-39,0.570727508,0.329,0.248,4.80E-35
Sorbs1,2.05E-39,17.54036158,0.469,0.388,6.59E-35
Dlgap1,2.41E-39,158.0375253,0.843,0.84,7.74E-35
Cltc,3.10E-39,-20.75511991,0.334,0.256,9.98E-35
Atp8a1,3.84E-39,38.68858887,0.503,0.427,1.23E-34
Nsd1,1.09E-38,-1.009805716,0.519,0.437,3.52E-34
Peak1,1.32E-38,2.940546725,0.285,0.365,4.26E-34
Hmgcll1,1.43E-38,5.319500871,0.307,0.229,4.59E-34
Nrd1,1.65E-38,4.713797784,0.308,0.229,5.30E-34
Map7,2.24E-38,19.26581147,0.358,0.273,7.20E-34
Pten,2.97E-38,5.180742559,0.372,0.293,9.55E-34
Rev1,6.99E-38,1.009667667,0.345,0.265,2.25E-33
Pak7,1.32E-37,24.02146711,0.451,0.379,4.24E-33
Chd2,1.68E-37,6.732661101,0.407,0.324,5.41E-33
Alms1,2.97E-37,-0.626468885,0.234,0.309,9.54E-33
Sfswap,4.93E-37,1.477269587,0.311,0.234,1.59E-32
Senp7,6.18E-37,0.874942588,0.342,0.263,1.99E-32
Abcc5,9.03E-37,2.747219782,0.354,0.276,2.90E-32
Zfp407,1.17E-36,2.646217924,0.301,0.225,3.77E-32
Cdk13,1.28E-36,2.586694957,0.399,0.317,4.11E-32
Slc2a13,1.98E-36,48.38758065,0.444,0.368,6.36E-32
Mkln1,5.74E-36,-1.041234165,0.382,0.302,1.85E-31
Dnajc1,9.30E-36,10.42930531,0.395,0.318,2.99E-31
Akt3,1.05E-35,10.10514207,0.724,0.688,3.38E-31
Mical2,1.36E-35,28.9120701,0.338,0.268,4.38E-31
Qk,1.71E-35,2.226461974,0.415,0.326,5.51E-31
Kansl1,4.28E-35,-4.655207234,0.638,0.58,1.38E-30
Zfp280d,4.55E-35,2.040885856,0.472,0.391,1.46E-30
N4bp2l2,5.82E-35,2.863666162,0.32,0.246,1.87E-30
Atp2b2,8.38E-35,8.880603737,0.484,0.417,2.69E-30
Prpf40a,1.05E-34,1.203060262,0.327,0.25,3.39E-30
Csnk1a1,1.73E-34,-3.18777699,0.418,0.343,5.56E-30
Itch,1.81E-34,-0.628591886,0.35,0.272,5.84E-30
Fnbp1,2.04E-34,-4.235863816,0.553,0.623,6.58E-30
Apba2,2.27E-34,14.53005232,0.431,0.358,7.32E-30
Pcmtd1,2.98E-34,3.062789266,0.308,0.234,9.58E-30
Csnk1g3,5.24E-34,0.778504433,0.305,0.231,1.69E-29
Nsd3,5.82E-34,2.513650162,0.476,0.402,1.87E-29
Fyn,7.30E-34,11.03085711,0.345,0.267,2.35E-29
Auts2,8.64E-34,67.14772891,0.827,0.817,2.78E-29
Tmem108,1.30E-33,69.6710194,0.5,0.596,4.18E-29
Pkia,1.91E-33,1.127772522,0.332,0.258,6.15E-29
Nrxn3,3.64E-33,130.6263208,0.859,0.904,1.17E-28
Arhgap5,3.72E-33,9.501399607,0.335,0.256,1.20E-28
Slc25a3,4.66E-33,-7.576162662,0.36,0.284,1.50E-28
Top1,5.20E-33,2.692258169,0.346,0.272,1.67E-28
Rabgap1l,6.59E-33,20.87511729,0.672,0.611,2.12E-28
Trps1,6.90E-33,35.85134615,0.325,0.252,2.22E-28
Taok1,9.66E-33,0.519523626,0.32,0.246,3.11E-28
Fgf14,1.09E-32,81.57468939,0.891,0.914,3.49E-28
Cog5,2.80E-32,-1.137031141,0.354,0.279,9.02E-28
Ccar1,3.39E-32,-10.66622269,0.347,0.273,1.09E-27
Pura,4.10E-32,2.044547637,0.304,0.233,1.32E-27
Rasa1,4.77E-32,1.900166264,0.354,0.281,1.54E-27
Nrxn1,8.09E-32,169.5790869,0.898,0.899,2.60E-27
Cnot4,8.11E-32,0.849578576,0.413,0.335,2.61E-27
Fam168a,8.84E-32,4.772075584,0.463,0.392,2.84E-27
Fam49b,1.13E-31,-1.210750592,0.466,0.387,3.62E-27
Atrx,1.39E-31,-0.937084094,0.51,0.436,4.48E-27
Chchd3,3.61E-31,0.816045152,0.343,0.269,1.16E-26
Hdac8,3.64E-31,-1.896277154,0.371,0.291,1.17E-26
Zfp608,5.85E-31,3.267214072,0.308,0.235,1.88E-26
Fth1,1.54E-30,-35.2836089,0.291,0.36,4.97E-26
Tmem178,1.78E-30,2.184034396,0.246,0.321,5.71E-26
Ehmt1,1.78E-30,0.859853425,0.35,0.276,5.71E-26
Gria4,2.16E-30,-48.26786465,0.787,0.778,6.96E-26
Ube2h,2.45E-30,-3.88169348,0.317,0.246,7.87E-26
Erc1,3.14E-30,1.580600091,0.507,0.574,1.01E-25
Nipbl,3.55E-30,-5.23837693,0.51,0.433,1.14E-25
Htt,4.35E-30,1.729880331,0.329,0.259,1.40E-25
Med13,4.61E-30,2.556774023,0.339,0.266,1.48E-25
Arpp21,1.16E-29,25.30957399,0.54,0.536,3.74E-25
Phlpp1,1.39E-29,43.60189887,0.396,0.308,4.46E-25
Wdr33,1.68E-29,3.268336366,0.435,0.363,5.42E-25
Bach2,1.69E-29,-9.011064272,0.338,0.269,5.45E-25
Fmnl2,9.72E-29,21.93075403,0.484,0.407,3.13E-24
Ambra1,1.06E-28,3.746932968,0.469,0.404,3.41E-24
Specc1,1.15E-28,22.41870351,0.542,0.61,3.71E-24
Pum1,1.42E-28,1.572870942,0.342,0.274,4.57E-24
Syn2,1.54E-28,11.81102256,0.502,0.44,4.96E-24
Taf15,1.85E-28,0.597773363,0.315,0.246,5.95E-24
Fus,3.74E-28,-0.798417006,0.457,0.391,1.20E-23
Itsn1,1.02E-27,2.088181086,0.348,0.281,3.27E-23
Spire1,1.21E-27,23.74930202,0.351,0.283,3.90E-23
Ntrk3,1.33E-27,15.02605244,0.61,0.694,4.29E-23
Asph,1.49E-27,8.388018571,0.353,0.421,4.80E-23
Npepps,1.51E-27,-6.409615835,0.458,0.389,4.86E-23
Rb1cc1,2.24E-27,5.262118291,0.369,0.302,7.22E-23
App,2.58E-27,-14.99212438,0.581,0.535,8.30E-23
Cstf3,2.77E-27,6.633978823,0.32,0.253,8.90E-23
Wnk1,5.26E-27,-5.185853418,0.442,0.366,1.69E-22
Lyst,6.43E-27,4.642597399,0.338,0.273,2.07E-22
Rptor,7.00E-27,1.183799675,0.331,0.263,2.25E-22
Fut8,7.23E-27,1.943144401,0.508,0.571,2.33E-22
Ube2w,8.27E-27,1.812705378,0.301,0.236,2.66E-22
Hivep2,1.03E-26,-8.662538287,0.624,0.593,3.32E-22
Plcl2,1.94E-26,3.832977854,0.324,0.26,6.22E-22
Pan3,2.85E-26,-1.144506226,0.543,0.602,9.17E-22
Mtmr3,3.72E-26,2.801173,0.37,0.303,1.20E-21
Atad2b,5.37E-26,-1.767994205,0.362,0.291,1.73E-21
Dtna,7.10E-26,8.90519149,0.509,0.437,2.28E-21
Maml3,1.14E-25,11.32305098,0.38,0.456,3.68E-21
Nova1,1.42E-25,-5.033982254,0.35,0.29,4.55E-21
Fam135a,3.02E-25,1.862824215,0.323,0.256,9.72E-21
Qrich1,4.87E-25,3.294390825,0.309,0.246,1.57E-20
Prr16,5.86E-25,-14.86473463,0.324,0.268,1.88E-20
Stk39,9.69E-25,-1.09761492,0.339,0.281,3.12E-20
Fam193a,1.03E-24,1.966287256,0.382,0.319,3.30E-20
Cpeb2,1.34E-24,4.253827968,0.311,0.247,4.31E-20
Prpf39,1.47E-24,0.665850692,0.319,0.255,4.72E-20
Dnm1l,1.55E-24,1.011126679,0.313,0.252,4.99E-20
Ncam1,2.33E-24,12.39509791,0.669,0.62,7.49E-20
Galnt7,3.81E-24,1.590892726,0.287,0.349,1.23E-19
Rbfox3,7.86E-24,11.78636076,0.585,0.649,2.53E-19
Map4,9.16E-24,7.956814808,0.314,0.247,2.95E-19
Dip2b,1.38E-23,3.334324786,0.487,0.424,4.45E-19
Slmap,1.62E-23,-1.866424342,0.327,0.266,5.22E-19
Med13l,6.19E-23,0.92879461,0.362,0.301,1.99E-18
Zfp536,1.02E-22,20.98145953,0.371,0.453,3.27E-18
Ralyl,1.22E-22,49.8340493,0.765,0.842,3.94E-18
Ftx,1.36E-22,8.777806255,0.43,0.375,4.38E-18
St6galnac3,2.38E-22,5.563797226,0.332,0.268,7.66E-18
Ubash3b,4.82E-22,20.79247098,0.268,0.334,1.55E-17
Sv2b,5.65E-22,16.65717218,0.314,0.39,1.82E-17
Negr1,5.67E-22,88.78816459,0.87,0.905,1.82E-17
Rgs7,6.53E-22,32.00064576,0.647,0.625,2.10E-17
Sorl1,1.32E-21,4.458421108,0.34,0.408,4.24E-17
Ext1,1.91E-21,10.88709979,0.506,0.464,6.14E-17
Slc12a6,3.10E-21,15.79025102,0.315,0.255,9.96E-17
Add1,5.93E-21,3.658503908,0.316,0.26,1.91E-16
Wdfy3,8.42E-21,1.404473901,0.522,0.468,2.71E-16
Ythdf3,1.03E-20,2.24884613,0.308,0.251,3.32E-16
Zeb1,1.34E-20,-10.75648291,0.408,0.35,4.30E-16
Clcn3,1.53E-20,0.687354656,0.322,0.266,4.93E-16
Tut4,2.00E-20,-0.626836056,0.51,0.454,6.44E-16
Srsf5,2.16E-20,0.973432201,0.342,0.282,6.94E-16
Sgms1,6.00E-20,2.846476166,0.313,0.257,1.93E-15
Wwox,7.39E-20,9.219544842,0.553,0.488,2.38E-15
Cdh7,7.56E-20,41.22530373,0.257,0.319,2.43E-15
Zfand3,9.14E-20,2.235732221,0.386,0.33,2.94E-15
Mtdh,1.19E-19,2.745554216,0.325,0.267,3.84E-15
Maml2,1.71E-19,1.972728269,0.268,0.326,5.50E-15
Cacna2d1,1.98E-19,81.32964145,0.53,0.533,6.39E-15
Gpm6a,3.64E-19,12.33284054,0.631,0.599,1.17E-14
Nell2,5.78E-19,15.20650844,0.387,0.357,1.86E-14
Cacna1c,6.82E-19,54.43109913,0.627,0.603,2.19E-14
Csnk1g1,7.55E-19,2.197730921,0.331,0.277,2.43E-14
Sez6l,1.33E-18,9.438867494,0.303,0.254,4.29E-14
Calm2,1.37E-18,18.07001654,0.347,0.3,4.41E-14
Wac,1.67E-18,3.324281568,0.356,0.3,5.38E-14
Vps13c,3.46E-18,1.154287101,0.41,0.358,1.11E-13
Stag1,4.00E-18,1.775539091,0.689,0.643,1.29E-13
Pip5k1b,4.76E-18,-2.757896358,0.306,0.367,1.53E-13
Map4k3,6.92E-18,20.28477713,0.369,0.316,2.23E-13
Aplp2,8.58E-18,-0.754502011,0.317,0.37,2.76E-13
Tspan7,8.86E-18,6.624167887,0.453,0.402,2.85E-13
Bicd1,1.21E-17,7.733145197,0.527,0.481,3.89E-13
Ryr2,2.31E-17,-0.60623559,0.642,0.642,7.42E-13
Phip,2.37E-17,-1.245548036,0.471,0.419,7.61E-13
Snd1,3.09E-17,2.412793715,0.3,0.249,9.94E-13
Glg1,1.05E-16,-8.705255696,0.337,0.284,3.39E-12
Zfp609,1.11E-16,1.066414762,0.318,0.266,3.57E-12
Pou2f1,1.66E-16,4.700704093,0.313,0.262,5.33E-12
Rtn1,1.72E-16,-1.236947273,0.53,0.604,5.52E-12
Bptf,2.19E-16,2.488795738,0.339,0.286,7.04E-12
Rufy3,4.45E-16,0.557131078,0.38,0.333,1.43E-11
Camk2d,6.45E-16,11.26294374,0.539,0.59,2.08E-11
Micu3,9.53E-16,0.915981466,0.345,0.293,3.07E-11
Arid1b,1.11E-15,8.196302587,0.53,0.49,3.56E-11
Pik3r3,1.19E-15,40.85669699,0.325,0.374,3.81E-11
Ppp2r5e,1.28E-15,2.11936438,0.301,0.253,4.12E-11
Nhsl2,1.31E-15,-6.400946147,0.283,0.332,4.23E-11
Kif26b,1.34E-15,-1.15708235,0.265,0.317,4.30E-11
Kif5c,2.20E-15,7.194273291,0.387,0.343,7.06E-11
Chka,3.22E-15,3.611589897,0.352,0.304,1.03E-10
Kmt2c,3.52E-15,-9.270137084,0.543,0.491,1.13E-10
Snrnp70,3.84E-15,5.049983715,0.628,0.598,1.24E-10
Pacsin1,5.24E-15,1.404559064,0.429,0.386,1.69E-10
Grin2a,5.37E-15,71.44909451,0.565,0.582,1.73E-10
D430041D05Rik,5.73E-15,22.34600574,0.429,0.39,1.84E-10
Psd3,6.12E-15,14.96817113,0.421,0.377,1.97E-10
Cers6,7.90E-15,10.20103285,0.4,0.358,2.54E-10
Prkcb,8.86E-15,15.2202541,0.604,0.589,2.85E-10
Hnrnpu,1.05E-14,3.210431662,0.487,0.442,3.38E-10
Tmtc2,2.25E-14,-2.914681275,0.408,0.457,7.23E-10
Rab3c,2.98E-14,17.32311866,0.319,0.278,9.58E-10
Gatad2b,3.07E-14,0.623561037,0.319,0.272,9.89E-10
Gnas,6.12E-14,29.63254745,0.314,0.274,1.97E-09
Ankhd1,6.93E-14,1.819938286,0.416,0.366,2.23E-09
Cdkal1,7.02E-14,-4.647065959,0.359,0.312,2.26E-09
Cdk17,7.60E-14,12.26482529,0.36,0.321,2.45E-09
Dock4,8.34E-14,38.29250756,0.683,0.74,2.68E-09
Dym,1.46E-13,1.035133206,0.351,0.307,4.69E-09
Ank,1.48E-13,8.31416695,0.349,0.302,4.76E-09
Amph,2.36E-13,15.20765061,0.511,0.475,7.58E-09
Hnrnph1,3.96E-13,-0.923258281,0.322,0.277,1.27E-08
Rapgef4,4.75E-13,16.64492049,0.543,0.518,1.53E-08
Dst,5.13E-13,8.843701204,0.691,0.673,1.65E-08
Hectd4,5.55E-13,8.109271347,0.454,0.409,1.79E-08
Pde4d,7.69E-13,18.09610759,0.828,0.838,2.47E-08
Ptprr,1.12E-12,2.12753972,0.351,0.395,3.60E-08
Rock2,2.06E-12,-1.120843705,0.462,0.423,6.63E-08
Srrm3,2.10E-12,-4.56187833,0.328,0.288,6.76E-08
Adarb1,2.26E-12,20.97594747,0.301,0.26,7.27E-08
Nfib,2.48E-12,8.793233989,0.543,0.632,7.97E-08
Phf21a,2.95E-12,0.832574648,0.503,0.456,9.48E-08
Dock9,3.32E-12,25.33523524,0.482,0.527,1.07E-07
Ckap5,3.64E-12,1.617482075,0.371,0.322,1.17E-07
Foxn3,5.02E-12,3.453848725,0.557,0.598,1.62E-07
Prkce,6.69E-12,5.750321359,0.619,0.611,2.15E-07
Pclo,6.77E-12,13.48774497,0.7,0.681,2.18E-07
Mllt3,1.06E-11,16.2162549,0.491,0.451,3.40E-07
Dlg1,2.17E-11,24.55790028,0.565,0.548,6.99E-07
Smarca2,2.81E-11,17.12378748,0.346,0.311,9.04E-07
Rora,2.89E-11,-85.77793536,0.826,0.826,9.29E-07
Epb41l1,3.95E-11,1.13751795,0.314,0.276,1.27E-06
Dpp6,6.37E-11,-29.95554848,0.76,0.772,2.05E-06
Tasor,7.71E-11,-1.964389336,0.356,0.313,2.48E-06
Kirrel3,8.69E-11,-12.20039742,0.711,0.794,2.80E-06
Ntm,1.46E-10,100.3998212,0.821,0.852,4.71E-06
Msi2,2.47E-10,6.102517271,0.499,0.464,7.94E-06
Cd47,3.57E-10,1.708244663,0.282,0.324,1.15E-05
Top2b,4.29E-10,2.677889377,0.345,0.304,1.38E-05
Ppm1l,4.71E-10,-13.45599752,0.403,0.366,1.52E-05
Gnao1,5.25E-10,9.483175903,0.461,0.42,1.69E-05
Dleu2,9.18E-10,2.299552396,0.32,0.363,2.95E-05
Pde3b,1.21E-09,2.237494491,0.313,0.347,3.90E-05
Atf7ip,1.28E-09,0.602237792,0.306,0.267,4.12E-05
Galnt17,1.59E-09,15.80109201,0.348,0.319,5.11E-05
Erbb4,2.02E-09,315.2815978,0.418,0.407,6.49E-05
Camk2b,2.57E-09,4.974760058,0.315,0.283,8.27E-05
Baz2b,2.73E-09,1.83264216,0.525,0.482,8.78E-05
Ttc17,3.10E-09,2.766509308,0.301,0.264,9.97E-05
Rit2,3.23E-09,5.358876277,0.47,0.438,0.000103931
Gramd1b,5.57E-09,-1.219928239,0.425,0.464,0.000179233
Fam135b,6.82E-09,-0.590137094,0.43,0.404,0.000219241
Slc44a1,6.87E-09,2.903960465,0.345,0.312,0.000221096
Bend6,1.25E-08,0.601733223,0.307,0.272,0.000400851
Nrg2,1.28E-08,-0.861787973,0.423,0.455,0.000411756
Gm4258,1.44E-08,17.51780857,0.375,0.341,0.000462948
Picalm,1.45E-08,-1.036904798,0.34,0.301,0.000467794
Cacnb4,2.08E-08,39.71027018,0.617,0.684,0.000668922
Cep170,2.12E-08,1.359259736,0.336,0.301,0.000682833
Clip1,2.75E-08,0.690625561,0.328,0.294,0.000883071
Spop,3.10E-08,0.553370676,0.321,0.285,0.000997236
Crebbp,4.28E-08,-1.132814124,0.418,0.382,0.001378116
Kif1b,6.40E-08,10.16548115,0.666,0.642,0.002058273
Dgkd,7.35E-08,1.074180669,0.29,0.324,0.002364042
Pde4b,7.75E-08,46.92381948,0.702,0.758,0.002494341
Pkp4,9.15E-08,-3.56339363,0.488,0.454,0.002942912
Celf1,9.30E-08,8.440094943,0.468,0.442,0.002992094
Epc1,1.26E-07,0.528278996,0.315,0.283,0.004053633
Tcf4,1.27E-07,35.40851357,0.8,0.85,0.004070153
Lrrtm3,1.61E-07,22.4137987,0.613,0.653,0.005184031
Msra,4.33E-07,29.2766175,0.533,0.59,0.013922856
Srgap3,6.66E-07,10.84312846,0.554,0.537,0.021420485
Rims2,9.84E-07,64.05611136,0.835,0.848,0.031667571
